Timestamp,User Count,Type,Name,Requests/s,Failures/s,50%,66%,75%,80%,90%,95%,98%,99%,99.9%,99.99%,100%,Total Request Count,Total Failure Count,Total Median Response Time,Total Average Response Time,Total Min Response Time,Total Max Response Time,Total Average Content Size
1773955683,0,,Aggregated,0.000000,0.000000,N/A,N/A,N/A,N/A,N/A,N/A,N/A,N/A,N/A,N/A,N/A,0,0,0,0.0,0,0,0
1773955684,5,,Aggregated,0.000000,0.000000,N/A,N/A,N/A,N/A,N/A,N/A,N/A,N/A,N/A,N/A,N/A,0,0,0,0.0,0,0,0
1773955685,10,,Aggregated,0.000000,0.000000,58,65,65,66,66,66,66,66,66,66,66,5,0,58,55.27908299991395,38.11861899885116,65.67200599965872,1972.6
1773955686,15,,Aggregated,0.000000,0.000000,N/A,N/A,N/A,N/A,N/A,N/A,N/A,N/A,N/A,N/A,N/A,0,0,0,0.0,0,0,0
1773955687,20,,Aggregated,0.000000,0.000000,24,30,46,49,61,61,61,61,61,61,61,9,0,24,26.60135011117543,5.920698000409175,61.35248899954604,2661.3333333333335
1773955688,25,,Aggregated,0.000000,0.000000,24,44,47,49,55,56,61,61,61,61,61,21,0,24,27.00166323865276,5.920698000409171773955689,50,,Aggregated,0.000000,0.0017731773955689,30,,Aggregated,0.000000,0.000000,18,18,18,18,18,18,18,18,18,18,18,2,0,17.17893799650483,17.761816499842098,17.17893799650483,18.344695003179368,1803.0
1773955690,35,,Aggregated,0.000000,0.000000,12,17,24,28,47,55,55,55,55,55,55,18,0,10,18.006656444211128,4.952442002831958,55.45510599768022,2521.222222222222
1773955691,40,,Aggregated,0.000000,0.000000,11,18,24,28,46,55,55,55,55,55,55,38,0,11,17.84608665739621,4.586823997669853,55.45510599768022,2475.842105263158
1773955692,45,,Aggregated,0.000000,0.000000,N/A,N/A,N/A,N/A,N/A,N/A,N/A,N/A,N/A,N/A,N/A,0,0,0,0.0,0,0,0
1773955693,50,,Aggregated,0.000000,0.000000,13,31,39,52,57,69,73,73,73,73,73,29,0,13,24.5943244821773955694,50,,Aggregated,0.000000,0.000000,13,23,32,34,69,85,81773955694,50,,Aggregated,0.000000,0.000000,11,15,39,44,67,75,78,88,88,88,88,61,0,11,23.426069540365745,4.578922998916823,87.75958199839806,2576.5737704918033
1773955695,50,,Aggregated,0.000000,0.000000,19,19,19,19,19,19,19,19,19,19,19,2,0,12,15.514457500103163,11.655369002255611,19.373545997950714,1494.0
1773955696,50,,Aggregated,0.000000,0.000000,10,11,13,13,16,17,19,19,19,19,19,26,0,10,10.743805614765733,5.726880001020618,19.373545997950714,2532.576923076923
1773955697,50,,Aggregated,0.000000,0.000000,10,11,12,13,16,17,18,19,19,19,19,51,0,10,9.899756097915017,4.994248003640678,19.373545997950714,2623.901960784314
1773955698,50,,Aggregated,0.000000,0.000000,14,14,14,14,14,14,14,14,14,14,14,1,0,14.28851101773955699,50,,Aggregated,0.000000,0.000000,8,9,10,10,15,15,22,22,22,22,221773955699,50,,Aggregated,0.000000,0.000000,10,11,13,14,17,18,21,21,21,21,21,24,0,10,10.796082666881071,4.776638001203537,20.924340999044944,2063.0416666666665
1773955700,50,,Aggregated,0.000000,0.000000,10,10,12,13,18,22,24,26,26,26,26,53,0,10,10.809103565956114,4.776638001203537,26.22240399796283,2172.9811320754716
1773955701,50,,Aggregated,0.000000,0.000000,5,6,6,11,11,11,11,11,11,11,11,5,0,5,6.107343798794318,4.207808997307438,10.711832997913007,1845.0
1773955702,50,,Aggregated,0.000000,0.000000,10,10,11,12,13,15,21,21,21,21,21,34,0,10,9.357083176676978,4.207808997307438,20.846336999966297,2901.9117647058824
1773955703,50,,Aggregat1773955704,50,,Aggregated,0.000000,0.000000,9,9,9,9,9,9,9,9,9,9,9,4,0,8,7.865396248234902,4.707836997113191,9.345170998130925,3985.75
11773955704,50,,Aggregated,0.000000,0.000000,6,6,6,6,6,6,6,6,6,6,6,2,0,5,5.377971501729917,4.7988420046749525,5.957100998784881,972.5
1773955705,50,,Aggregated,0.000000,0.000000,8,8,9,10,12,13,13,13,13,13,13,35,0,8,7.83423202810809,4.706136998720467,12.913451006170362,2482.8285714285716
1773955706,50,,Aggregated,0.000000,0.000000,8,9,11,11,13,20,20,28,28,28,28,56,0,8,9.067707160933683,4.706136998720467,28.27812599571189,2378.8571428571427
1773955707,50,,Aggregated,0.000000,0.000000,5,5,5,5,5,5,5,5,5,5,5,2,0,5.0781559984898195,5.226313500315882,5.0781559984898195,5.374471002141945,972.5
1773955708,50,,Aggrega1773955709,50,,Aggregated,0.000000,0.000000,9,10,12,14,15,22,29,35,35,35,35,55,0,9,10.15518856226911,4.098206001799554,35.47798899671761,1773955709,50,,Aggregated,0.000000,0.000000,8,10,10,11,15,19,33,33,33,33,33,50,0,8,9.325162320019444,4.406222004035953,33.39668499393156,2518.36
1773955710,50,,Aggregated,0.000000,0.000000,11,11,11,11,11,11,11,11,11,11,11,3,0,11,9.814762001042254,6.750340005964972,11.388974999135826,3447.6666666666665
1773955711,50,,Aggregated,0.000000,0.000000,9,11,11,11,13,16,17,17,17,17,17,35,0,9,9.15812477178406,4.377621000458021,17.28487200307427,2419.942857142857
1773955712,50,,Aggregated,0.000000,0.000000,9,10,11,11,14,16,16,17,17,17,17,57,0,9,8.969891052657387,4.264315000909846,17.28487200307427,2532.8245614035086
1773955713,50,,Aggregated,0.000001773955714,50,,Aggregated,0.000000,0.000000,7,10,10,11,11,12,13,13,13,13,13,26,0,7,8.04441042391073,4.3004170001950115,12.668041003053077,2345.8076923076924
1773955715,50,,Aggregated,0.000000,0.000000,9,11,11,12,15,15,20,20,20,20,20,47,0,9,9.348368213513242,4.3004170001950115,19.812502003333066,2261.063829787234
1773955716,50,,Aggregated,0.000000,0.000000,14,14,14,14,14,14,14,14,14,14,14,2,0,7.301869001821615,10.700140501285205,7.301869001821615,14.098412000748795,2147.0
1773955717,50,,Aggregated,0.000000,0.000000,9,10,11,11,14,17,17,17,17,17,17,32,0,9,9.05739525046556,4.684436004026793,17.30597500136355,2174.65625
1773955718,50,,Aggregated,0.000000,0.000000,7,9,10,10,14,17,17,17,17,17,17,53,0,7,8.313410717061554,4.235114000039175,17.30597500136355,2181.245283018868
1773955719,50,,Aggregated,0.000000,0.000000,12,12,16,16,16,16,16,16,16,16,16,3,0,12,12.653172998398077,10.208615996816661,16.167416993994266,1936.0
1773955720,50,,Aggregated,0.000000,0.000000,10,11,13,13,16,17,17,17,17,17,17,31,0,10,10.42212348458575,4.609333002008498,17.497585002274718,2850.8709677419356
1773955721,50,,Aggregated,0.000000,0.000000,10,11,13,13,16,17,19,23,23,23,23,57,0,10,10.49920287761396,4.2474130023038015,23.111661001166794,2584.2280701754385
1773955722,50,,Aggregated,0.000000,0.000000,12,12,15,15,15,15,15,15,15,15,15,4,0,10,11.495227498016902,9.141858994553331,15.265165995515417,2757.25
1773955723,50,,Aggregated,0.000000,0.000000,9,10,11,12,13,14,15,15,15,15,15,29,0,9,9.19218603290762,4.215011998894624,15.265165995515417,2701.7586206896553
1773955724,50,,Aggregated,0.000000,0.000000,9,11,12,12,14,15,18,18,18,18,18,48,0,9,9.358005603492833,4.215011998894624,17.870898002001923,2799.1666666666665
1773955725,50,,Aggregated,0.000000,0.000000,13,13,14,14,14,14,14,14,14,14,14,4,0,10,10.95657525002025,7.419572000799235,14.213114998710807,2964.25
1773955726,50,,Aggregated,0.000000,0.000000,10,12,13,13,15,18,21,21,21,21,21,31,0,10,10.178608129095782,4.119806995731778,20.581933997164015,2592.7096774193546
1773955727,50,,Aggregated,0.000000,0.000000,10,11,12,13,16,18,21,21,21,21,21,49,0,10,9.81708710234522,4.119806995731778,20.581933997164015,2696.6326530612246
1773955728,50,,Aggregated,0.000000,0.000000,8,8,8,8,8,8,8,8,8,8,8,1,0,8.344220004801173,8.344220004801173,8.344220004801173,8.344220004801173,1803.0
1773955729,50,,Aggregated,0.000000,0.000000,10,10,14,16,20,21,22,22,22,22,22,28,0,9,10.368547214186817,4.011302000435535,22.142515997984447,2317.8928571428573
1773955730,50,,Aggregated,0.000000,0.000000,10,12,14,15,18,21,22,27,27,27,27,57,0,10,10.852325473311602,4.011302000435535,26.76714799599722,2412.157894736842
1773955731,50,,Aggregated,0.000000,0.000000,13,13,13,13,13,13,13,13,13,13,13,1,0,12.535731999378186,12.535731999378186,12.535731999378186,12.535731999378186,1564.0
1773955732,50,,Aggregated,0.000000,0.000000,9,10,13,14,19,19,34,34,34,34,34,30,0,9,10.423088434132902,4.681735998019576,34.317129000555724,1986.8666666666666
1773955733,50,,Aggregated,0.000000,0.000000,9,10,12,14,15,19,19,34,34,34,34,57,0,9,10.143386403669545,4.432822999660857,34.317129000555724,2185.0526315789475
1773955734,50,,Aggregated,0.000000,0.000000,9,9,11,11,11,11,11,11,11,11,11,4,0,9,9.192712997901253,8.440224999503698,11.008153996954206,1915.25
1773955735,50,,Aggregated,0.000000,0.000000,8,9,12,14,23,32,33,33,33,33,33,24,0,8,10.469748291749662,4.038803999719676,32.78335100185359,2294.7916666666665
1773955736,50,,Aggregated,0.000000,0.000000,9,12,15,19,23,35,38,42,42,42,42,59,0,9,12.39204645759655,4.038803999719676,41.745603004528675,2691.2881355932204
1773955737,50,,Aggregated,0.000000,0.000000,11,11,11,11,11,11,11,11,11,11,11,1,0,11.130462000437547,11.130462000437547,11.130462000437547,11.130462000437547,2491.0
1773955738,50,,Aggregated,0.000000,0.000000,9,11,11,11,14,18,19,19,19,19,19,23,0,9,9.92057943474957,5.0712559968815185,19.049761998758186,2919.0
1773955739,50,,Aggregated,0.000000,0.000000,9,10,11,11,13,15,18,19,19,19,19,52,0,9,8.946407711566561,4.308816998673137,19.049761998758186,2643.3846153846152
1773955740,50,,Aggregated,0.000000,0.000000,7,7,10,10,10,10,10,10,10,10,10,3,0,7,7.148560999970262,4.444523998245131,10.02180600335123,1610.3333333333333
1773955741,50,,Aggregated,0.000000,0.000000,7,9,10,10,14,24,24,24,24,24,24,23,0,7,9.177046087405989,4.444523998245131,24.137919004715513,2090.782608695652
1773955742,50,,Aggregated,0.000000,0.000000,8,9,10,12,17,21,24,24,24,24,24,54,0,8,9.1925865373115,4.444523998245131,24.137919004715513,2249.222222222222
1773955743,50,,Aggregated,0.000000,0.000000,13,13,13,13,13,13,13,13,13,13,13,2,0,8.039606000238564,10.731442001997493,8.039606000238564,13.423278003756423,4389.5
1773955744,50,,Aggregated,0.000000,0.000000,8,10,12,13,15,18,19,19,19,19,19,33,0,8,9.027855454901742,3.8614959994447418,18.9169560035225,2320.121212121212
1773955745,50,,Aggregated,0.000000,0.000000,10,11,14,15,18,20,79,79,79,79,79,50,0,9,11.624912780243903,3.8614959994447418,78.51823699456872,2660.0
1773955746,50,,Aggregated,0.000000,0.000000,6,9,9,12,12,12,12,12,12,12,12,5,0,6,7.490255398442969,5.126656993525103,12.065205002727453,2030.4
1773955747,50,,Aggregated,0.000000,0.000000,8,10,11,12,18,25,26,26,26,26,26,34,0,8,9.934092353539787,4.482725002162624,25.53198000532575,2206.4117647058824
1773955748,50,,Aggregated,0.000000,0.000000,9,11,12,12,15,19,25,26,26,26,26,54,0,8,9.740392185146144,4.348618000221904,25.53198000532575,2154.4814814814813
1773955749,50,,Aggregated,0.000000,0.000000,10,10,15,15,15,15,15,15,15,15,15,3,0,10,10.410955668097207,6.0657050053123385,15.020753002318088,3447.6666666666665
1773955750,50,,Aggregated,0.000000,0.000000,9,10,10,11,12,15,16,16,16,16,16,26,0,9,8.942036961693352,4.186710000794847,16.0556050032028,2990.423076923077
1773955751,50,,Aggregated,0.000000,0.000000,9,10,11,12,15,18,22,22,22,22,22,52,0,9,9.56529898030567,4.186710000794847,22.231714996451046,2446.5384615384614
1773955752,50,,Aggregated,0.000000,0.000000,10,10,13,13,13,13,13,13,13,13,13,3,0,10,10.276031001315763,7.823428000847343,13.167752003937494,3138.6666666666665
1773955753,50,,Aggregated,0.000000,0.000000,9,11,12,12,13,13,25,25,25,25,25,24,0,9,9.777159750228748,4.752398999698926,24.585829996794928,2173.7083333333335
1773955754,50,,Aggregated,0.000000,0.000000,10,11,13,13,14,21,23,25,25,25,25,52,0,9,10.168374288836135,4.666095002903603,24.585829996794928,2274.4615384615386
1773955755,50,,Aggregated,0.000000,0.000000,N/A,N/A,N/A,N/A,N/A,N/A,N/A,N/A,N/A,N/A,N/A,0,0,0,0.0,0,0,0
1773955756,50,,Aggregated,0.000000,0.000000,9,11,15,16,18,19,20,20,20,20,20,28,0,9,10.395082320558556,4.995709001377691,20.380954003485385,1843.2857142857142
1773955757,50,,Aggregated,0.000000,0.000000,10,11,14,15,18,20,21,21,21,21,21,51,0,10,10.990300097368092,4.995709001377691,21.07998399878852,2049.5098039215686
1773955758,50,,Aggregated,0.000000,0.000000,11,11,20,20,20,20,20,20,20,20,20,4,0,10,12.50802449976618,9.465097005886491,20.00443900033133,2491.0
1773955759,50,,Aggregated,0.000000,0.000000,10,11,11773955759,50,,Aggregated,0.000000,0.000000,11,14,15,17,19,20,28,28,28,28,28,33,0,11,11.950961606723439,4.969608002284076,28.225283000210766,2518.909090909091
1773955760,50,,Aggregated,0.000000,0.000000,10,13,14,17,20,24,26,28,28,28,28,57,0,10,11.668964544808484,4.9233469981118105,28.225283000210766,2684.5263157894738
1773955761,50,,Aggregated,0.000000,0.000000,6,6,6,6,6,6,6,6,6,6,6,2,0,6.209013001353014,6.281866499193711,6.209013001353014,6.354719997034408,1683.5
1773955762,50,,Aggregated,0.000000,0.000000,13,17,18,22,26,29,36,36,36,36,36,26,0,12,14.613073961719728,4.6527340018656105,35.629492995212786,2601.576923076923
1773955763,50,,Aggregated,0.000000,0.000000,10,13,17,20,25,30,35,36,36,36,361773955764,50,,Aggregated,0.000000,0.000000,8,8,11,11,11,11,11,11,11,11,11,3,0,8,8.7951773955764,50,,Aggregated,0.000000,0.000000,6,6,6,6,6,6,6,6,6,6,6,1,0,5.664885000442155,5.664885000442155,5.664885000442155,5.664885000442155,1564.0
1773955765,50,,Aggregated,0.000000,0.000000,9,11,13,13,15,16,20,20,20,20,20,28,0,8,9.420181106699081,4.142108999076299,20.27562000148464,2406.1071428571427
1773955766,50,,Aggregated,0.000000,0.000000,9,11,13,13,15,17,20,21,21,21,21,52,0,8,9.660568827082617,4.142108999076299,20.946953998645768,2747.6346153846152
1773955767,50,,Aggregated,0.000000,0.000000,8,8,10,10,10,10,10,10,10,10,10,3,0,8,7.891397001609827,5.726788003812544,10.136709999642335,3201.6666666666665
1773955768,50,,Aggregated,0.000000,0.000000,10,17,20,22,38,46,52,52,52,52,52,31,0,101773955769,50,,Aggregated,0.000000,0.000000,11,13,15,16,34,47,56,66,66,66,1773955769,50,,Aggregated,0.000000,0.000000,10,12,15,17,27,39,46,52,52,52,52,56,0,10,13.219119678329402,4.570028999296483,52.45723999541951,2421.6964285714284
1773955770,50,,Aggregated,0.000000,0.000000,14,14,14,14,14,14,14,14,14,14,14,2,0,10,11.747539003408747,9.937098002410494,13.557980004407,4389.5
1773955771,50,,Aggregated,0.000000,0.000000,11,12,13,13,14,17,21,21,21,21,21,27,0,11,10.917895703406193,4.369318994577043,20.82784500089474,2323.0
1773955772,50,,Aggregated,0.000000,0.000000,11,13,14,15,21,29,74,80,80,80,80,56,0,11,14.052854892725009,4.369318994577043,79.57689199974993,2595.1964285714284
1773955773,50,,Aggregated,0.000000,0.000000,6,9,9,10,10,10,10,11773955774,50,,Aggregated,0.000000,0.000000,8,9,10,10,13,14,15,15,15,15,15,32,0,7,8.244969750194286,4.380919002869632,15.321168000809848,2164.9375
1773955775,50,,Aggregated,0.000000,0.000000,8,9,10,10,13,15,16,17,17,17,17,57,0,8,8.339634052581937,4.380919002869632,16.591833002166823,2147.8596491228072
1773955776,50,,Aggregated,0.000000,0.000000,8,11,11,11,11,12,12,12,12,12,12,11,0,8,8.189476272408767,4.944410997268278,11.975410001468845,2474.4545454545455
1773955777,50,,Aggregated,0.000000,0.000000,8,9,9,10,11,17,19,19,19,19,19,31,0,8,8.308179774875528,4.707501000666525,19.40492700668983,1965.516129032258
1773955778,50,,Aggregated,0.000000,0.000000,8,9,10,11,12,17,19,23,23,23,23,54,0,8,8.609072352286333,4.707501000666525,22.572362002392765,2155.259259259259
1773955779,50,,Aggregated,0.000000,0.000000,8,8,11,11,11,11,11,11,11,11,11,3,0,8,8.87077799901211,7.97333999798866,10.579651003354229,2727.6666666666665
1773955780,50,,Aggregated,0.000000,0.000000,12,15,18,18,20,44,48,48,48,48,48,32,0,12,14.716783406811373,4.873506994044874,48.05144800047856,2668.09375
1773955781,50,,Aggregated,0.000000,0.000000,10,12,15,16,19,38,44,48,48,48,48,55,0,10,12.262526200290516,4.873506994044874,48.05144800047856,2268.1272727272726
1773955782,50,,Aggregated,0.000000,0.000000,8,8,9,9,9,9,9,9,9,9,9,4,0,6,6.927720251042047,4.816006003238726,8.804375000181608,2924.25
1773955783,50,,Aggregated,0.000000,0.000000,9,10,11,11,12,14,16,16,16,16,16,31,0,9,8.828779355333667,4.816006003238726,16.412698998465203,2624.3870967741937
1773955784,50,,Aggregated,0.000000,0.000000,9,9,11,11,12,14,14,16,16,16,16,60,0,9,8.748104966798564,4.816006003238726,16.412698998465203,2496.6666666666665
1773955785,50,,Aggregated,0.000000,0.000000,11,11,11,11,11,11,11,11,11,11,11,4,0,7,8.57827149957302,5.199156003072858,11.351756998919882,3985.75
1773955786,50,,Aggregated,0.000000,0.000000,9,10,11,11,14,15,16,16,16,16,16,26,0,8,8.702135346818697,4.693430993938819,15.594166005030274,2488.8076923076924
1773955787,50,,Aggregated,0.000000,0.000000,9,11,11,12,14,16,21,21,21,21,21,48,0,9,9.254379854610306,4.530022000835743,20.637015004467685,2645.2708333333335
1773955788,50,,Aggregated,0.000000,0.000000,9,9,15,15,15,15,15,15,15,15,15,4,0,8,9.470340499319718,5.202355998335406,15.253149998898152,2074.75
1773955789,50,,Aggregated,0.000000,0.000000,9,12,13,14,17,17,18,18,18,18,18,29,0,9,10.1354084821773955789,50,,Aggregated,0.000000,0.000000,10,12,13,16,18,18,22,22,22,22,22,30,0,9,11.051519767837211,5.182555003557354,22.274394003034104,2875.1666666666665
1773955790,50,,Aggregated,0.000000,0.000000,10,13,14,15,18,19,19,22,22,22,22,62,0,10,11.219912678150708,4.600626001774799,22.274394003034104,2473.0
1773955791,50,,Aggregated,0.000000,0.000000,10,10,12,12,12,12,12,12,12,12,12,3,0,10,10.129897670897966,8.800933006568812,11.939486001210753,3756.6666666666665
1773955792,50,,Aggregated,0.000000,0.000000,9,11,11,12,13,14,14,14,14,14,14,29,0,9,9.076098758919999,4.650029994081706,13.98228700418258,2910.4827586206898
1773955793,50,,Aggregated,0.000000,0.000000,10,11,12,13,17,25,25,31,31,31,1773955794,50,,Aggregated,0.000000,0.000000,12,12,18,18,18,18,18,18,18,18,18,4,0,8,11.1773955794,50,,Aggregated,0.000000,0.000000,11,11,12,13,15,15,15,15,15,15,15,9,0,11,11.07587188905907,5.599377996986732,14.526020997436717,2504.1111111111113
1773955795,50,,Aggregated,0.000000,0.000000,9,11,11,12,14,15,17,17,17,17,17,36,0,9,9.161043555650394,4.380117999971844,16.92003900097916,2205.0555555555557
1773955796,50,,Aggregated,0.000000,0.000000,9,11,12,13,15,68,68,83,83,83,83,56,0,9,12.655854964447956,4.380117999971844,82.9563179941033,2284.839285714286
1773955797,50,,Aggregated,0.000000,0.000000,13,14,16,18,22,22,22,22,22,22,22,9,0,13,12.282654110296992,4.363216998171993,21.700977005821187,2790.8888888888887
1773955798,50,,Aggregated,0.000000,0.000000,9,131773955799,50,,Aggregated,0.000000,0.000000,9,10,11,11,12,13,16,16,16,16,16,52,0,9,8.806652461246882,4.440220996912103,16.266108003037516,2895.75
1773955800,50,,Aggregated,0.000000,0.000000,8,8,11,11,11,11,11,11,11,11,11,3,0,8,7.846990997980659,4.70433499867795,11.149854995892383,1952.6666666666667
1773955801,50,,Aggregated,0.000000,0.000000,9,10,11,11,12,12,15,15,15,15,15,28,0,9,8.479804643034836,4.291514000215102,14.60102800047025,1985.107142857143
1773955802,50,,Aggregated,0.000000,0.000000,8,10,11,12,14,17,17,21,21,21,21,52,0,8,8.990028596179819,4.291514000215102,20.974744998966344,1883.6346153846155
1773955803,50,,Aggregated,0.000000,0.000000,9,10,11,11,14,14,14,14,14,14,14,8,0,8,8.612266498857934,4.339915998571087,13.666480001120362,2348.75
1773955804,50,,Aggregated,0.000000,0.000000,8,10,11,12,14,18,29,29,29,29,29,41,0,8,9.591058244085417,4.3399159981773955804,50,,Aggregated,0.000000,0.000000,8,9,10,10,12,14,28,28,28,28,28,28,0,8,9.0166384652548,4.641430998162832,27.818485999887343,2475.8571428571427
1773955805,50,,Aggregated,0.000000,0.000000,8,9,10,10,12,14,17,28,28,28,28,57,0,8,8.593610544681852,4.641131003154442,27.818485999887343,2496.0701754385964
1773955806,50,,Aggregated,0.000000,0.000000,9,9,11,11,11,11,11,11,11,11,11,4,0,8,8.451096247881651,5.539776000659913,10.660030995495617,3913.5
1773955807,50,,Aggregated,0.000000,0.000000,9,10,11,11,11,22,24,24,24,24,24,34,0,8,9.282003557874464,4.76173799688695,23.8750889984658,2569.0882352941176
1773955808,50,,Aggregated,0.000000,0.0000001773955809,50,,Aggregated,0.000000,0.000000,8,8,10,10,11,11,11,11,11,11,11,6,0,6,7.47409816540312,5.1572399970609695,11.268225003732368,1889.5
1773955810,50,,Aggregated,0.000000,0.000000,7,9,10,10,11,11,14,14,14,14,14,22,0,6,7.606213273075727,4.8999290011124685,13.623935003124643,2067.681818181818
1773955811,50,,Aggregated,0.000000,0.000000,9,11,12,14,19,21,21,24,24,24,24,55,0,9,9.857086254818238,4.402104998007417,23.677402001339942,2464.0
1773955812,50,,Aggregated,0.000000,0.000000,10,10,11,11,13,13,13,13,13,13,13,6,0,9,9.478057499412293,5.329248000634834,13.14331100002164,1881.1666666666667
1773955813,50,,Aggregated,0.000000,0.000000,9,10,11,12,13,13,17,17,17,17,17,27,0,9,9.180023555893934,5.329248000634834,16.90308700199239,2053.814814814815
1773955814,50,,Aggregated,0.000000,0.000000,8,9,10,11,12,13,13,17,17,17,17,54,0,8,8.1599779635629,4.585012997267768,16.90308700199239,2070.5185185185187
1773955815,50,,Aggregated,0.000000,0.000000,8,8,9,9,9,9,9,9,9,9,9,4,0,8,7.911992999652284,6.34599500335753,8.976516997790895,1518.75
1773955816,50,,Aggregated,0.000000,0.000000,9,12,12,12,18,18,19,19,19,19,19,30,0,9,10.292219900293276,5.590961001871619,18.532162997871637,2173.4333333333334
1773955817,50,,Aggregated,0.000000,0.000000,9,12,12,12,17,19,22,23,23,23,23,53,0,9,10.230280320821242,4.6277250003186055,23.42073900217656,2129.3584905660377
1773955818,50,,Aggregated,0.000000,0.000000,8,11,12,12,13,13,13,13,13,13,13,9,0,8,9.438370555775085,5.7655810014694,12.805923004634678,1807.5555555555557
1773955819,50,,Aggregated,0.000000,0.000000,9,11,12,13,16,25,28,28,28,28,28,34,0,8,10.569073264966445,5.33055899721773955819,50,,Aggregated,0.000000,0.000000,10,12,13,14,16,21,24,24,24,24,24,31,0,10,10.896869000721528,4.442616002052091,24.484091001795605,2626.0967741935483
1773955820,50,,Aggregated,0.000000,0.000000,10,11,12,12,15,20,21,24,24,24,24,53,0,10,10.008047453324389,4.442616002052091,24.484091001795605,2708.5283018867926
1773955821,50,,Aggregated,0.000000,0.000000,9,12,13,13,13,14,14,14,14,14,14,11,0,9,9.587011908562006,4.397213997435756,14.327898003102746,2041.4545454545455
1773955822,50,,Aggregated,0.000000,0.000000,9,11,12,13,13,21,23,23,23,23,23,34,0,9,9.929521440747468,4.397213997435756,22.99231899814913,2454.470588235294
1773955823,50,,Aggregat1773955824,50,,Aggregated,0.000000,0.000000,13,13,16,16,18,18,18,18,18,18,18,7,0,13,13.038332856792424,8.739832999708597,17.65457600413356,3023.714285714286
1773955825,50,,Aggregated,0.000000,0.000000,10,11,13,15,25,26,29,29,29,29,29,28,0,10,11.675000785544398,5.48787199659273,28.73532599915052,2379.1071428571427
1773955826,50,,Aggregated,0.000000,0.000000,10,11,13,15,21,25,26,29,29,29,29,59,0,10,11.511508593068386,5.055451001680922,28.73532599915052,2602.6949152542375
1773955827,50,,Aggregated,0.000000,0.000000,11,11,12,12,12,12,12,12,12,12,12,4,0,9,9.172030249828822,4.67113200284075,12.047997995978221,3096.25
1773955828,50,,Aggregated,0.000000,0.000000,8,10,10,11,12,13,14,14,14,14,14,26,0,8,8.268194807057556,4.67113200284075,13.564973000029568,2514.8846153846152
1773955829,50,,Aggregated,0.000000,0.000000,8,10,11,11,13,14,16,17,17,17,17,54,0,8,8.875638592278982,4.580226996040437,16.730329996789806,2487.203703703704
1773955830,50,,Aggregated,0.000000,0.000000,11,21,28,28,28,28,28,28,28,28,28,8,0,8,14.540621624291816,4.6495310016325675,28.440212001441978,3389.0
1773955831,50,,Aggregated,0.000000,0.000000,8,9,11,11,21,28,28,28,28,28,28,36,0,8,10.097262166204423,3.8936929995543323,28.440212001441978,2344.6111111111113
1773955832,50,,Aggregated,0.000000,0.000000,8,9,10,11,17,21,28,28,28,28,28,62,0,8,9.157107725660618,3.8936929995543323,28.440212001441978,2462.1612903225805
1773955833,50,,Aggregated,0.000000,0.000000,12,12,14,14,14,14,14,14,14,14,14,4,0,10,10.803637249409803,7.643779994396027,14.089500000409316,2087.25
1773955834,50,,Aggregated,0.000000,0.000000,10,12,14,14,15,16,17,17,17,17,17,32,0,10,10.501590937792571,4.912645003059879,16.7216310001773955834,50,,Aggregated,0.000000,0.000000,9,10,11,12,13,15,21,21,21,21,21,41,0,9,9.59541124366962,5.303162994096056,21.230755002761725,2512.6341463414633
1773955835,50,,Aggregated,0.000000,0.000000,9,11,12,12,13,15,18,21,21,21,21,64,0,9,9.717948765569417,5.303162994096056,21.230755002761725,2400.015625
1773955836,50,,Aggregated,0.000000,0.000000,10,12,17,17,24,24,24,24,24,24,24,7,0,10,12.539766428484914,7.341764998272993,24.011394001718145,2621.8571428571427
1773955837,50,,Aggregated,0.000000,0.000000,9,12,13,13,15,17,24,24,24,24,24,37,0,9,9.926066460163408,4.347815993241966,24.011394001718145,2622.864864864865
1773955838,50,,Aggregated,0.00001773955839,50,,Aggregated,0.000000,0.000000,11,12,13,16,22,22,22,22,22,22,22,10,0,11,11.847818800015375,6.930643998202868,21.81773955839,50,,Aggregated,0.000000,0.000000,15,17,22,22,23,23,23,23,23,23,23,8,0,12,14.463756626355462,8.196307004254777,23.101049002434593,3232.125
1773955840,50,,Aggregated,0.000000,0.000000,9,10,11,11,15,22,23,23,23,23,23,36,0,9,9.735907833399121,4.550527002720628,23.101049002434593,2275.6388888888887
1773955841,50,,Aggregated,0.000000,0.000000,9,11,11,11,15,20,22,23,23,23,23,66,0,9,9.794632606027529,4.550527002720628,23.101049002434593,2547.409090909091
1773955842,50,,Aggregated,0.000000,0.000000,13,13,13,13,14,14,14,14,14,14,14,6,0,12,11.89568583140499,7.447566000337247,14.268302998971194,2198.5
1773955843,50,,Aggreg1773955844,50,,Aggregated,0.000000,0.000000,10,11,12,13,15,16,19,20,20,20,20,62,0,10,9.720431838251253,4.285011003958061,19.836276995192748,2532.967741935484
1773955845,50,,Aggregated,0.000000,0.000000,9,12,12,13,13,13,13,13,13,13,13,5,0,9,9.847384798922576,7.321459997911006,12.851233004766982,2002.4
1773955846,50,,Aggregated,0.000000,0.000000,10,12,13,13,14,14,15,15,15,15,15,30,0,10,9.942952900019009,4.881540000496898,14.632420999987517,2689.133333333333
1773955847,50,,Aggregated,0.000000,0.000000,10,11,13,13,14,15,15,15,15,15,15,56,0,9,9.588314964275924,4.881540000496898,15.476562002731953,2402.1785714285716
1773955848,50,,Aggregated,0.000000,0.000000,7,9,9,11,11,11,11,11,11,11,11,10,0,7,7.598957900336245,4.665032000048086,11.314662995573599,2126.9
1773955849,50,,Aggregated,0.000000,0.000000,8,9,11,11,13,14,14,14,14,14,14,36,0,8,8.23270391649405,4.665032000048086,14.009496997459792,2158.25
1773955850,50,,Aggregated,0.000000,0.000000,8,9,11,11,13,14,14,17,17,17,17,59,0,8,8.300243237083462,4.665032000048086,17.471168997872155,2020.050847457627
1773955851,50,,Aggregated,0.000000,0.000000,7,9,9,9,9,12,12,12,12,12,12,12,0,6,7.124270916998891,4.403919003379997,12.365114998829085,2425.4166666666665
1773955852,50,,Aggregated,0.000000,0.000000,8,9,10,11,12,16,18,18,18,18,18,32,0,8,8.44263859471539,4.403919003379997,18.38581499760039,2151.5
1773955853,50,,Aggregated,0.000000,0.000000,8,9,11,11,12,14,16,18,18,18,18,53,0,8,8.481210434149274,4.403919003379997,18.38581499760039,2280.4716981132074
1773955854,50,,Aggregated,0.000000,0.000000,9,10,12,12,13,13,13,13,13,13,13,12,0,7,8.795337249466684,5.387367993535008,12.755233998177573,2853.75
1773955855,50,,Aggregated,0.000000,0.001773955854,50,,Aggregated,0.000000,0.000000,9,11,12,12,14,16,16,16,16,16,16,11,0,9,9.750566637111744,5.49767300253734,16.42711699969368,2025.090909090909
1773955855,50,,Aggregated,0.000000,0.000000,9,10,12,12,13,15,16,16,16,16,16,36,0,9,8.997458417272558,4.522725001152139,16.42711699969368,2198.4166666666665
1773955856,50,,Aggregated,0.000000,0.000000,8,9,10,11,12,14,15,16,16,16,16,58,0,8,8.319518914002652,4.498722999414895,16.42711699969368,2396.9310344827586
1773955857,50,,Aggregated,0.000000,0.000000,10,11,14,15,15,15,15,15,15,15,15,10,0,10,10.7325350011773955859,50,,Aggregated,0.000000,0.000000,8,10,11,11,12,15,16,17,17,17,17,57,0,8,8.836382596774982,4.526525997789577,17.189956997754052,2483.157894736842
1773955860,50,,Aggregated,0.000000,0.000000,8,9,12,12,15,15,15,15,15,15,15,8,0,7,8.622930126875872,5.960798000160139,14.948346004530322,1818.0
1773955861,50,,Aggregated,0.000000,0.000000,8,9,10,11,12,14,15,15,15,15,15,33,0,8,8.377448031034984,5.146556002728175,14.948346004530322,2733.121212121212
1773955862,50,,Aggregated,0.000000,0.000000,9,11,12,13,17,21,27,34,34,34,34,61,0,9,10.449470181020978,5.146556002728175,34.05079700314673,2666.967213114754
1773955863,50,,Aggregated,0.000000,0.000000,11,13,14,14,18,18,18,18,18,18,18,12,0,10,11.381459167144689,6.180808006320149,17.851990000053775,2306.5
1773955864,50,,Aggregated,0.000000,0.000000,10,11,12,12,14,17,18,18,18,18,18,41,0,10,9.899162390999065,5.161157998372801,17.851990000053775,2368.3414634146343
1773955865,50,,Aggregated,0.000000,0.000000,9,10,11,12,14,15,18,18,18,18,18,65,0,9,9.533425323808423,5.161157998372801,17.851990000053775,2378.923076923077
1773955866,50,,Aggregated,0.000000,0.000000,10,11,11,11,14,15,15,15,15,15,15,11,0,10,8.999886819351973,4.521321003267076,14.593716005038004,2941.090909090909
1773955867,50,,Aggregated,0.000000,0.000000,10,11,12,13,15,15,19,19,19,19,19,33,0,10,9.633627091578532,4.521321003267076,18.913226995209698,2250.090909090909
1773955868,50,,Aggregated,0.000000,0.000000,9,10,11,12,13,15,15,19,19,19,19,57,0,9,9.245025438870295,4.521321003267076,18.913226995209698,2494.9824561403507
1773955869,50,,Aggregated,0.000000,0.000000,6,6,7,9,9,12,12,12,12,12,12,13,0,6,6.618524459974231,4.7109309962252155,12.420509003277402,1720.5384615384614
1773955870,50,,Aggregated,0.000000,0.000000,7,9,9,10,11,12,14,14,14,14,14,38,0,7,7.730405288863326,4.26270900061354,13.770575998933055,2231.842105263158
1773955871,50,,Aggregated,0.000000,0.000000,8,9,10,11,14,14,16,19,19,19,19,62,0,8,8.454253305840652,4.26270900061354,19.234442996094003,2415.8709677419356
1773955872,50,,Aggregated,0.000000,0.000000,9,10,10,10,10,13,13,13,13,13,13,11,0,9,8.19212145341391,4.721117998997215,12.629081000341102,1614.909090909091
1773955873,50,,Aggregated,0.000000,0.000000,8,10,11,11,13,13,14,14,14,14,14,28,0,7,8.3598192502125,4.671219001465943,13.669563006260432,1912.107142857143
1773955874,50,,Aggregated,0.000000,0.000000,9,11,12,13,14,17,18,18,18,18,18,57,0,9,9.373556649447174,4.671219001465943,18.377480999333784,2287.491228071773955874,50,,Aggregated,0.000000,0.000000,10,11,12,12,15,15,16,17,17,17,17,62,0,10,9.527599031806007,4.682818005676381,16.952506004599854,2233.6451612903224
1773955875,50,,Aggregated,0.000000,0.000000,8,12,13,13,13,18,18,18,18,18,18,13,0,8,9.706670153648771,5.742100001953077,17.716392998408992,2399.5384615384614
1773955876,50,,Aggregated,0.000000,0.000000,8,13,13,15,17,19,20,20,20,20,20,35,0,8,10.312804000360691,4.780517003382556,19.868955998390447,2344.2
1773955877,50,,Aggregated,0.000000,0.000000,9,11,13,13,15,18,19,20,20,20,20,60,0,9,9.899004049536112,4.708419000962749,19.868955998390447,2430.35
1773955878,50,,Aggreg1773955879,50,,Aggregated,0.000000,0.000000,9,10,11,13,19,20,22,22,22,22,22,25,0,9,10.242386279569473,4.635427001630887,22.112284998001996,1805.4
1773955880,50,,Aggregated,0.000000,0.000000,10,11,13,13,18,19,20,22,22,22,22,51,0,10,10.483600411366663,4.635427001630887,22.112284998001996,2597.823529411765
1773955881,50,,Aggregated,0.000000,0.000000,8,8,8,8,10,11,11,11,11,11,11,16,0,7,7.278728687197145,4.4986850043642335,10.576503998890985,2531.25
1773955882,50,,Aggregated,0.000000,0.000000,8,10,10,11,13,14,15,15,15,15,15,35,0,8,8.532495256804395,4.4986850043642335,15.23890300450148,2390.5714285714284
1773955883,50,,Aggregated,0.000000,0.000000,8,10,10,11,14,15,17,34,34,34,34,63,0,8,9.036194793658243,4.4986850043642335,33.62137499789242,2333.063492063492
1773955884,50,,Aggregated,0.000000,0.000000,7,8,9,10,12,12,12,12,12,12,12,9,0,7,7.897775221661302,5.84789999993518,12.38905899663223,2151.777777777778
1773955885,50,,Aggregated,0.000000,0.000000,8,9,10,11,11,13,14,14,14,14,14,37,0,8,8.172587945827635,4.95812399458373,13.745775999268517,2424.4594594594596
1773955886,50,,Aggregated,0.000000,0.000000,8,10,10,11,12,13,14,14,14,14,14,65,0,8,8.391397461505571,4.21135999931721,13.745775999268517,2297.846153846154
1773955887,50,,Aggregated,0.000000,0.000000,9,10,10,10,14,14,14,14,14,14,14,8,0,9,9.434864748982363,7.6417759992182255,13.557667996792588,3057.625
1773955888,50,,Aggregated,0.000000,0.000000,9,10,13,13,14,15,17,17,17,17,17,35,0,9,9.83414588616662,4.808170997421257,16.913633000513073,2892.342857142857
1773955889,50,,Aggregated,0.000000,0.000000,9,10,11,12,13,14,15,17,17,17,17,58,0,9,9.286545896586553,4.759167997690383,16.913633000513073,2690.896551724138
1773955890,50,,Aggregated,0.000000,0.000000,22,26,27,32,35,35,35,35,35,35,35,9,0,22,20.64516322166633,6.244651995075401,34.80826099985279,2429.8888888888887
1773955891,50,,Aggregated,0.000000,0.000000,10,12,15,16,27,32,35,35,35,35,35,36,0,10,13.061794305435292,4.353044998424593,34.80826099985279,2462.3611111111113
1773955892,50,,Aggregated,0.000000,0.000000,9,10,12,13,22,27,32,35,35,35,35,63,0,9,11.032712063174658,4.353044998424593,34.80826099985279,2401.1428571428573
1773955893,50,,Aggregated,0.000000,0.000000,6,6,10,10,11,12,12,12,12,12,12,12,0,5,6.99331075096173,4.800071001227479,12.296193002839573,1704.1666666666667
1773955894,50,,Aggregated,0.000000,0.000000,8,10,10,11,12,19,21,21,21,21,21,42,0,8,8.766617786196072,4.325243993662298,20.55405799910659,2507.3571428571427
1773955895,50,,Aggregated,0.000000,0.000000,8,10,11,12,13,14,20,21,21,21,21,63,0,8,8.99669112746663,4.325243993662298,20.55405799910659,2612.7301587301586
1773955896,50,,Aggregated,0.000000,0.000000,13,15,16,20,21,22,22,22,22,22,22,13,0,13,14.172641076863957,8.778037001320627,22.423415000957903,2556.769230769231
1773955897,50,,Aggregated,0.000000,0.000000,9,10,13,15,16,21,22,22,22,22,22,34,0,9,10.344393117574167,5.066851997980848,22.423415000957903,2147.205882352941
1773955898,50,,Aggregated,0.000000,0.000000,9,10,12,13,15,20,21,22,22,22,22,60,0,9,9.529288549795941,4.500023998843972,22.423415000957903,2338.5833333333335
1773955899,50,,Aggregated,0.000000,0.000000,8,9,10,10,11,15,15,15,15,15,15,14,0,7,8.122446929649284,4.955347001668997,14.798536001762841,1829.4285714285713
1773955900,50,,Aggregated,0.000000,0.000000,8,9,10,10,11,13,15,15,15,15,15,34,0,8,8.211090882361853,4.646132001653314,14.798536001762841,2056.176470588235
1773955901,50,,Aggregated,0.000000,0.000000,9,9,10,11,11,12,13,15,15,15,15,61,0,9,8.46205872161978,4.525225005636457,14.798536001762841,2478.2622950819673
1773955902,50,,Aggregated,0.000000,0.000000,8,8,9,9,9,15,15,15,15,15,15,12,0,7,7.870383333283826,5.579077995207626,15.375964998384006,2150.25
1773955903,50,,Aggregated,0.000000,0.000000,8,9,11,11,13,15,16,16,16,16,16,36,0,8,8.507889971951954,4.590228003507946,16.044898999098223,2162.3611111111113
1773955904,50,,Aggregated,0.000000,0.000000,8,10,11,12,15,16,17,17,17,17,17,65,0,8,8.980777584096918,4.458121999050491,17.151354004454333,2049.646153846154
1773955905,50,,Aggregated,0.000000,0.000000,13,13,16,16,16,16,16,16,16,16,16,13,0,13,11.234012462059932,4.8441410035593435,15.909490997728426,2405.6923076923076
1773955906,50,,Aggregated,0.000000,0.000000,9,12,13,15,16,16,18,18,18,18,18,34,0,8,10.203030882086537,4.8441410035593435,17.80728599987924,2381.4117647058824
1773955907,50,,Aggregated,0.000000,0.000000,9,11,13,14,16,16,17,18,18,18,18,64,0,8,9.874595718770252,4.695233998063486,17.80728599987924,2626.5625
1773955908,50,,Aggregated,0.000000,0.000000,8,9,13,13,13,13,13,13,13,13,13,10,0,8,8.73967440056731,4.876242004684173,13.417966998531483,2599.3
1773955909,50,,Aggregated,0.000000,0.000000,8,10,11,12,13,13,16,16,16,16,16,32,0,8,8.825066874805998,4.876242004684173,15.855488003580831,2524.40625
1773955910,50,,Aggregated,0.000000,0.000000,8,10,11,12,13,16,16,19,19,19,19,60,0,8,8.844009733729763,4.770538005686831,19.2149549984606,2464.0333333333333
1773955911,50,,Aggregated,0.000000,0.000000,9,11,11,13,13,16,16,16,16,16,16,13,0,9,8.984092846870995,4.371916998934466,15.854588004003745,2372.0
1773955912,50,,Aggregated,0.000000,0.000000,9,11,13,14,53,76,97,97,97,97,97,38,0,8,15.74076565789016,4.371916998934466,96.77355099847773,2197.0789473684213
1773955913,50,,Aggregated,0.000000,0.000000,8,10,11,12,16,53,76,97,97,97,97,64,0,8,12.775328109228212,4.371916998934466,96.77355099847773,2206.609375
1773955914,50,,Aggregated,0.000000,0.000000,10,12,14,14,15,19,19,19,19,19,19,13,0,10,11.57100330713617,7.850093999877572,18.66253600019263,3249.769230769231
1773955915,50,,Aggregated,0.000000,0.000000,10,10,12,13,13,14,19,19,19,19,19,43,0,10,9.888991070532262,4.865843999141362,18.66253600019263,2643.6046511627906
1773955916,50,,Aggregated,0.000000,0.000000,10,11,12,13,14,15,16,19,19,19,19,66,0,10,9.942455970303854,4.865843999141362,18.66253600019263,2600.348484848485
1773955917,50,,Aggregated,0.000000,0.000000,8,9,12,13,15,17,17,17,17,17,17,15,0,8,9.050453731712574,4.654933996789623,16.66133500111755,2333.2
1773955918,50,,Aggregated,0.000000,0.000000,9,10,12,13,15,16,17,17,17,17,17,36,0,8,9.30098572158992,4.654933996789623,16.66133500111755,2175.8888888888887
1773955919,50,,Aggregated,0.000000,0.000000,9,10,12,12,14,15,16,17,17,17,17,55,0,9,9.108909344914453,4.654933996789623,16.66133500111755,2568.090909090909
1773955920,50,,Aggregated,0.000000,0.000000,12,13,16,16,16,16,16,16,16,16,16,8,0,11,11.308105249554501,6.454222995671444,15.627385000698268,3000.375
1773955921,50,,Aggregated,0.000000,0.000000,10,12,12,13,15,16,16,16,16,16,16,40,0,10,9.743376824553707,4.93354799982626,15.627385000698268,2419.0
1773955922,50,,Aggregated,0.000000,0.000000,10,11,12,12,13,15,16,16,16,16,16,66,0,10,9.830457378649788,4.93354799982626,15.627385000698268,2502.1060606060605
1773955923,50,,Aggregated,0.000000,0.000000,9,10,12,13,13,17,17,17,17,17,17,15,0,9,9.47287579959569,5.154459002369549,16.676036997523624,2653.5333333333333
1773955924,50,,Aggregated,0.000000,0.000000,9,10,11,12,13,14,18,18,18,18,18,43,0,9,9.324079953732381,4.680134996306151,17.919400001119357,2354.4883720930234
171773955924,50,,Aggregated,0.000000,0.000000,11,13,13,14,16,17,21,21,21,21,21,44,0,11,10.80081515895224,4.5000259997323155,20.53403199533932,2723.4545454545455
1773955925,50,,Aggregated,0.000000,0.000000,10,11,13,14,15,17,19,21,21,21,21,63,0,10,10.235287047671301,4.5000259997323155,20.53403199533932,2606.936507936508
1773955926,50,,Aggregated,0.000000,0.000000,18,21,27,58,62,100,100,100,100,100,100,14,0,17,28.85254935816712,7.877795993408654,103.11087900481652,2180.4285714285716
1773955927,50,,Aggregated,0.000000,0.000000,9,14,17,17,21,58,100,100,100,100,100,43,0,9,15.084841534993503,4.457824004930444,103.1101773955929,50,,Aggregated,0.000000,0.000000,9,10,14,17,18,23,23,23,23,23,23,13,0,9,10.748511536243873,5.005048995371908,22.567921994777862,1937.3076923076924
1773955930,50,,Aggregated,0.000000,0.000000,10,12,13,14,18,20,23,23,23,23,23,35,0,10,10.635637570521794,5.005048995371908,22.567921994777862,2252.1714285714284
1773955932,50,,Aggregated,0.000000,0.000000,9,11,12,13,17,18,20,23,23,23,23,63,0,9,9.80976888841103,4.841340996790677,22.567921994777862,2128.6666666666665
1773955933,50,,Aggregated,0.000000,0.000000,8,10,15,15,21,23,23,23,23,23,23,19,0,8,10.235977579309532,4.944945998431649,22.92353999655461,2351.157894736842
1773955934,50,,Aggregated,0.000000,0.000000,9,12,14,14,15,21,23,23,23,23,23,34,0,9,10.26302817669656,4.944945998431649,22.92353999655461,2338.676470588235
1773955935,50,,Aggregated,19.000000,0.000000,8,10,13,14,15,16,21,23,23,23,23,65,0,8,9.5877691997045,4.518723995715845,22.92353999655461,2263.6
1773955936,50,,Aggregated,0.000000,0.000000,8,13,1773955935,50,,Aggregated,0.000000,0.000000,8,10,12,12,14,16,18,22,22,22,22,62,0,8,9.372782290630576,4.32721599645447,22.453816003690008,2449.0
1773955936,50,,Aggregated,0.000000,0.000000,8,9,9,12,12,15,15,15,15,15,15,13,0,8,8.36694700130745,5.142656002135482,14.845737998257391,1802.3076923076924
1773955937,50,,Aggregated,0.000000,0.000000,9,10,11,12,13,15,17,17,17,17,17,42,0,9,9.156198357751625,5.142656002135482,16.547423001611605,2407.904761904762
1773955938,50,,Aggregated,0.000000,0.000000,9,10,11,11,12,14,16,17,17,17,17,71,0,9,8.97220402880585,4.4809230021773955940,50,,Aggregated,0.000000,0.000000,9,11,12,14,15,18,38,38,38,38,38,45,0,9,10.556640600164732,4.341315994679462,37.695974999223836,2279.6666666666665
1773955941,50,,Aggregated,17.000000,0.000000,1773955940,50,,Aggregated,0.000000,0.000000,9,13,15,15,19,32,43,43,43,43,43,41,0,9,11.879573804901334,4.4576220025192015,43.11934499855852,2007.9756097560976
1773955941,50,,Aggregated,13.000000,0.000000,9,10,12,14,17,24,33,43,43,43,43,66,0,9,10.586314439217059,4.4576220025192015,43.11934499855852,2220.742424242424
1773955942,50,,Aggregated,0.000000,0.000000,9,9,10,10,10,11,11,11,11,11,11,13,0,9,8.56637999990758,5.645280994940549,11.297461998765357,2563.6153846153848
1773955943,50,,Aggregated,0.000000,0.000000,9,10,10,11,12,15,15,15,15,15,15,38,0,9,8.93515765825501,4.9283459951773955945,50,,Aggregated,0.000000,0.000000,7,12,13,15,21,22,22,22,22,22,22,20,0,7,9.522795450538979,4.699935001553968,21.866593000595458,2127.5
1773955946,50,,Aggregated,0.000000,0.000000,8,9,11,12,15,21773955945,50,,Aggregated,0.000000,0.000000,8,12,13,13,14,15,15,15,15,15,15,12,0,7,9.070411332989655,4.66143200173974,15.41457099665422,2142.75
1773955946,50,,Aggregated,0.000000,0.000000,7,8,9,11,14,17,20,20,20,20,20,38,0,7,8.17870347409074,4.24531199678313,20.218811005179305,2010.578947368421
1773955947,50,,Aggregated,0.000000,0.000000,7,8,9,11,14,15,17,20,20,20,20,59,0,7,8.214361441047405,4.24531199678313,20.218811005179305,2123.7457627118642
1773955948,50,,Aggregated,0.000000,0.000000,8,8,9,10,11,13,13,13,13,13,13,18,0,8,7.917806888953136,4.44412200158691773955950,50,,Aggregated,15.000000,0.000000,8,9,10,10,12,14,19,24,24,24,24,65,0,8,8.198979200096801,4.100404999917373,23.60718099953374,2420.353846153846
1773955951,50,,Aggregated,0.000000,0.000000,10,11,11,12,12,12,12,12,12,12,12,9,0,10,9.83501400090366,5.668282996339258,11.6660839994438,2276.3333333333335
1773955952,50,,Aggregated,0.000000,0.000000,9,10,11,12,13,13,16,16,16,16,16,41,0,9,8.948415731826637,3.9919000046211295,15.777789005369414,2494.9756097560976
1773955953,50,,Aggregated,8.000000,0.000000,8,10,10,11,12,13,14,16,16,16,16,65,0,8,8.5792165847334,3.9919000046211295,15.777789005369414,2596.769230769231
1773955954,50,,Aggregated,0.000000,0.000000,8,12,13,19,23,23,23,23,23,23,23,15,0,8,11.124482065497432,4.869142998359166,22.965846001170576,2148.6
1773955955,50,,Aggregated,0.000000,0.000000,9,10,12,13,14,21,23,23,23,23,23,41,0,9,9.974229682262465,4.869142998359166,22.965846001170576,2256.1951219512193
1773955956,50,,Aggregated,11.000000,0.000000,9,9,10,11,14,19,23,23,23,23,23,69,0,9,9.239555506834565,3.9825990024837665,22.965846001170576,2282.521739130435
1773955957,50,,Aggregated,0.000000,0.000000,9,10,10,11,17,19,19,19,19,19,19,13,0,9,9.575355001568543,4.585529000905808,19.118354000966065,2395.769230769231
1773955958,50,,Aggregated,0.000000,0.000000,9,10,11,12,13,17,19,19,19,19,19,33,0,9,9.525327060228763,4.225411001243629,19.118354000966065,2546.6666666666665
1773955959,50,,Aggregated,11.000000,0.000000,9,10,11,12,15,19,20,24,24,24,24,66,0,9,9.603426438953841,4.225411001243629,24.155305000022054,2369.969696969697
1773955960,50,,Aggregated,0.000000,0.000000,7,9,9,9,9,16,16,16,16,16,16,11,0,7,7.964952182109383,4.570928002067376,15.713184999185614,1763.1818181818182
1773955961,50,,Aggregated,0.000000,0.000000,7,8,8,9,9,11,16,16,16,16,16,32,0,7,7.299557187479877,4.241112001182046,15.713184999185614,2004.5625
1773955962,50,,Aggregated,8.000000,0.000000,7,8,9,9,11,11,14,16,16,16,16,65,0,7,7.5972217542584985,4.241112001182046,15.713184999185614,2048.4153846153845
1773955963,50,,Aggregated,0.000000,0.000000,10,11,12,12,13,13,13,13,13,13,13,10,0,9,9.033917498891242,4.831139995076228,12.54572100151563,3200.4
1773955964,50,,Aggregated,0.000000,0.000000,8,9,10,10,12,15,20,20,20,20,20,38,0,8,8.160272525856271,4.570826997223776,20.15579799626721,2173.157894736842
1773955965,50,,Aggregated,8.000000,0.000000,8,9,11,11,13,15,16,20,20,20,20,67,0,8,8.45973990992695,4.570826997223776,20.15579799626721,2188.3582089552237
1773955966,50,,Aggregated,0.000000,0.000000,12,12,15,15,18,22,22,22,22,22,22,16,0,11,11.410796188101813,5.8929919978254475,21.898384002270177,2422.25
1773955967,50,,Aggregated,0.000000,0.000000,10,12,12,13,15,16,22,22,22,22,22,46,0,10,10.688685761124361,4.875341001024935,21.898384002270177,2674.7391304347825
1773955968,50,,Aggregated,10.000000,0.000000,10,12,13,14,15,17,22,30,30,30,30,65,0,10,10.709542661788873,4.875341001024935,29.916781997599173,2496.9384615384615
1773955969,50,,Aggregated,0.000000,0.000000,8,9,10,12,14,14,14,14,14,14,14,10,0,8,8.6596840978018,5.341773998225108,13.93941499554785,2274.5
1773955970,50,,Aggregated,0.000000,0.000000,9,10,12,12,13,15,17,17,17,17,17,34,0,9,9.36541838104056,5.32387299608672,16.990170995995868,1912.4411764705883
1773955971,50,,Aggregated,7.000000,0.000000,10,11,12,12,14,17,22,27,27,27,27,65,0,10,10.151445060574378,5.152564001036808,27.315599996654782,2189.0153846153844
1773955972,50,,Aggregated,0.000000,0.000000,11,11,11,12,12,13,13,13,13,13,13,17,0,11,9.981064706688116,5.996507003146689,13.23557900468586,2208.705882352941
1773955973,50,,Aggregated,0.000000,0.000000,10,11,12,13,16,16,21,21,21,21,21,47,0,10,10.019073213272272,4.3144210067112,20.993576996261254,2703.936170212766
1773955974,50,,Aggregated,13.000000,0.000000,10,11,12,13,14,16,16,21,21,21,21,69,0,10,9.914763333812436,4.3144210067112,20.993576996261254,2653.478260869565
1773955975,50,,Aggregated,0.000000,0.000000,10,11,12,13,13,14,14,14,14,14,14,24,0,10,9.557652458776525,5.448678995890077,13.677101000212133,2528.2916666666665
1773955976,50,,Aggregated,0.000000,0.000000,9,11,12,12,13,14,16,16,16,16,16,43,0,9,9.346709371785373,4.88894999580225,15.88391399855027,2697.813953488372
1773955977,50,,Aggregated,21.000000,0.000000,9,11,12,13,14,14,16,16,16,16,16,70,0,9,9.62898377142015,4.88894999580225,16.299736002110876,2775.457142857143
1773955978,50,,Aggregated,0.000000,0.000000,9,10,11,12,12,14,14,14,14,14,14,18,0,9,8.823333388944674,4.990264002117328,13.779528999293689,2236.1111111111113
1773955979,50,,Aggregated,0.000000,0.000000,8,9,9,10,12,12,14,14,14,14,14,42,0,8,8.074855690730535,4.448234998562839,13.779528999293689,2432.8809523809523
1773955980,50,,Aggregated,17.000000,0.000000,9,9,10,11,12,14,14,17,17,17,17,69,0,9,8.774855492790095,4.448234998562839,17.093704002036247,2413.7971014492755
1773955981,50,,Aggregated,0.000000,0.000000,8,10,10,10,11,14,14,14,14,14,14,14,0,8,8.130508572711344,4.830455000046641,13.860033002856653,1681.9285714285713
1773955982,50,,Aggregated,0.000000,0.000000,9,10,11,12,13,14,22,22,22,22,22,44,0,9,9.43279890998383,4.355030003353022,22.317479997582268,2523.568181818182
1773955983,50,,Aggregated,12.000000,0.000000,9,10,11,12,13,14,21,22,22,22,22,64,0,9,9.243354563068351,4.287026997189969,22.317479997582268,2430.296875
1773955984,50,,Aggregated,0.000000,0.000000,9,10,11,11,15,17,17,17,17,17,17,20,0,8,8.817686199472519,5.241176993877161,16.923395000048913,1981.45
64341,20.787198998732492,2303.9710144927535
1773955984,50,,Aggregated,0.000000,0.000000,9,10,10,12,19,19,19,19,19,19,19,9,0,9,9.626942445013103,6.467441999120638,18.54268099850742,2661.3333333333335
3984,0,9,10.102193734715511,3.836392999801319,106.33627800416434,2431.5896739130435
1773955970,100,,Aggregated,50.600000,0.000000,9,10,12,12,15,19,26,35,80,100,110,13984,0,9,10.102193734715511,3.836392999801319,106.33627800416434,2431.5896739130435
1773955971,100,,Aggregated,50.600000,0.000000,9,10,12,12,15,19,26,35,80,100,110,13984,0,9,10.102193734715511,3.836392999801319,106.33627800416434,2431.5896739130435
1773955972,100,,Aggregated,50.700000,0.000000,9,10,12,12,15,19,25,35,79,100,110,14119,0,9,10.102656861901782,3.836392999801319,106.33627800416434,2430.763297683972
1773955973,100,,Aggregated,50.700000,0.000000,9,10,12,12,15,19,25,35,79,100,110,14119,0,9,10.102656861901782,3.836392999801319,106.33627800416434,2430.763297683972
1773955974,100,,Aggregated,50.700000,0.000000,9,10,12,12,15,19,25,35,79,100,110,14119,0,9,10.102656861901782,3.836392999801319,106.33627800416434,2430.763297683972
1773955975,100,,Aggregated,48.900000,0.000000,9,10,12,12,15,19,25,35,79,100,110,14267,0,9,10.098421671631739,3.836392999801319,106.33627800416434,2431.436742132193
1773955976,100,,Aggregated,48.900000,0.000000,9,10,12,12,15,19,25,35,79,100,110,14267,0,9,10.098421671631739,3.836392999801319,106.33627800416434,2431.436742132193
1773955977,100,,Aggregated,48.900000,0.000000,9,10,12,12,15,19,25,35,79,100,110,14267,0,9,10.098421671631739,3.836392999801319,106.33627800416434,2431.436742132193
1773955978,100,,Aggregated,50.700000,0.000000,9,10,12,12,15,19,25,35,79,100,110,14428,0,9,10.08857353965906,3.836392999801319,106.33627800416434,2432.75
1773955979,100,,Aggregated,50.700000,0.000000,9,10,12,12,15,19,25,35,79,100,110,14428,0,9,10.08857353965906,3.836392999801319,106.33627800416434,2432.75
1773955980,100,,Aggregated,50.700000,0.000000,9,10,12,12,15,19,25,35,79,100,110,14428,0,9,10.08857353965906,3.836392999801319,106.33627800416434,2432.75
1773955981,100,,Aggregated,51.200000,0.000000,9,10,12,12,15,19,25,35,79,100,110,14576,0,9,10.075250853266384,3.836392999801319,106.33627800416434,2432.7674259055984
1773955982,100,,Aggregated,51.200000,0.000000,9,10,12,12,15,19,25,35,79,100,110,14576,0,9,10.075250853266384,3.836392999801319,106.33627800416434,2432.7674259055984
1773955983,100,,Aggregated,51.200000,0.000000,9,10,12,12,15,19,25,35,79,100,110,14576,0,9,10.075250853266384,3.836392999801319,106.33627800416434,2432.7674259055984
1773955984,100,,Aggregated,49.100000,0.000000,9,10,12,12,15,19,25,35,79,100,110,14726,0,9,10.070258073085594,3.836392999801319,106.33627800416434,2431.75859024854
